Name,Code,ICAO
21 Air,2I,CSB
247 Aviation,,EMC
2Excel Aviation,,BRO
4 Airways,,DAK
40-Mile Air,Q5,MLA
748 Air Services,FE,IHO
9 Air,AQ,JYH
Abakan Air,S5,NKP
ABS Jets,,ABP
Abu Dhabi Aviation,,BAR
ABX Air,GB,ABX
Acass Ireland,,SON
Advanced Air,AN,WSN
Advanced Flight Training,,ADV
Aegean Airlines,A3,AEE
Aer Lingus,EI,EIN
Aer Lingus UK,EG,EUK
AerCaribe Cargo,JK,ACL
Aerius Management,,JCY
Aero,5E,BLK
Aero,N2,NIG
Aero Asahi,,AKF
Aero Charter,,GLT
Aero Charter and Transport,,CTA
Aero Clube de Coimbra,,MOD
Aero Dili,8G,DTL
Aero FlightOps UK,,UKA
Aero Guernsey,,AEO
Aero K,RF,EOK
Aero Mongolia,M0,MNG
Aero Nomad,KA,ANK
Aero Sotravia,,ASR
Aero Ways,,TKK
Aero-Beta Flight Training,,ABA
Aero-Dienst,,ADN
Aero-Tech Services,,TEK
Aeroavila Transortes Aereos,,KKA
Aerodynamics Malaga,,DNC
Aeroflot,SU,AFL
AeroGuard Flight Training Center,,ASI
Aeroitalia,XZ,AEZ
Aeroitalia Regional,KS,KON
Aerojet Tomza,,EZI
Aerolineas Argentinas,AR,ARG
Aerolineas Ejecutivas,,LET
Aerolineas Sosa,P4,NSO
Aerolink Uganda,A8,XAU
AeroLogic,3S,BOX
Aeromas,,MSM
Aeromexico,AM,AMX
Aeromexico Connect,5D,SLI
Aeronaves Dominicanas,DC,OLO
Aeronaves TSM,,VTM
Aeropartner,,DFC
Aeropassion,,PSJ
Aeropyrenees,,EAP
Aeroregional,6G,RER
Aeroservicios Avila,,VEA
Aeroservicios de la Costa,,TAA
Aerostan,KW,BSC
Aerosucre,A4,KRE
Aerosul Linhas Aereas,,ASO
Aerotec,,AEP
Aerotours,,ATU
Aerotranscargo,F5,ATG
AeroUnion,6R,TNO
Aerovias DAP,V5,DAP
Aerovis Airlines,,VIZ
Aeroways,,MCK
Aerus,ZV,RFD
AF-Aviation,,AFF
Africa Airlines,,AAT
Africa Charter Airline,,FSK
Africa World Airlines,AW,AFW
African Express Airways,XU,AXK
Afrijet,J7,ABS
Afriqiyah Airways,8U,AAW
Aims Community College Aviation,,RTY
Air 1st Aviation,,RUF
Air Adelphi,,MUS
Air Albania,ZB,ABN
Air Algerie,AH,DAH
Air Alliance,,AYY
Air Alsie,6I,MMD
Air Anka,6K,TAH
Air Antilles,4I,KES
Air Arabia,G9,ABY
Air Arabia Abu Dhabi,3L,ADY
Air Arabia Egypt,E5,RBG
Air Arabia Maroc,3O,MAC
Air Astana,KC,KZR
Air Astra,2A,AWA
Air Atlanta Europe,CT,AAE
Air Atlanta Icelandic,CC,ABD
Air Austral,UU,REU
Air Baltic,BT,BTI
Air Belgium,KF,ABB
Air Bohemia,,BOH
Air Borealis,,LBR
Air Botswana,BP,BOT
Air Burkina,2J,VBW
Air Busan,BX,ABL
Air Cairo,SM,MSC
Air Caledonie,TY,TPC
Air Cambodia,K6,KHV
Air Canada,AC,ACA
Air Canada Rouge,RV,ROU
Air Caraibes,TX,FWI
Air Caraïbes Atlantique,,CAJ
Air Care Alliance,,CMF
Air Cargo Carriers,2Q,SNC
Air Central,GI,LHA
Air Century,Y2,CEY
Air Changan,9H,CGN
Air Charity Network,,NGF
Air Charter Scotland,,EDC
Air Charter Scotland Europe,,SCO
Air Charters Europe,,AGR
Air Chathams,3C,CVA
Air China,CA,CCA
Air China Cargo,,CAO
Air China Inner Mongolia,,CNM
Air Class,,QCL
Air Corporate,,CPV
Air Corsica,XK,CCM
Air Côte d'Ivoire,HF,VRE
Air Creebec,YN,CRQ
Air Deccan,,DKN
Air Dilijans,RM,NGT
Air Djibouti,DJ,DJB
Air Do,HD,ADO
Air Dolomiti,EN,DLA
Air Dream College,,ADM
Air Eagle,,EPE
Air Europa,UX,AEA
Air Europa Express,X5,OVA
Air Excel,,XLL
Air Falcon,FS,FPK
Air Flamenco,F4,WAF
Air France,AF,AFR
Air France Hop,A5,HOP
Air Ghana,,GHN
Air Greenland,GL,GRL
Air Guilin,GT,CGH
Air Hong Kong,LD,AHK
Air Horizont,HT,HAT
Air Incheon,KJ,AIH
Air India,AI,AIC
Air India Express,IX,AXB
Air Inuit,3H,AIE
Air Japan,NQ,AJX
Air Key West,,KWX
Air Kiribati,IK,AKL
Air Koryo,JS,KOR
Air Leisure,AL,ALD
Air Liaison,DU,LSJ
Air Libya,7I,TLR
Air Loyaute,,RLY
Air Macau,NX,AMU
Air Macran,,AMH
Air Manas,ZM,MBB
Air Mauritius,MK,MAU
Air Mediterranean,MV,MAR
Air Methods,,LIF
Air Moana,NM,NTR
Air Montenegro,4O,MNE
Air Mountain,,AMT
Air New Zealand,NZ,ANZ
Air Niugini,PX,ANG
Air North,4N,ANT
Air Nostrum,YW,ANE
Air Nunavut,,BFF
Air Ocean Maroc,,AOM
Air Panama,7P,PST
Air Peace,P4,APK
Air Premia,YP,APZ
Air Rarotonga,GZ,RAR
Air Safaris,,SRI
Air Saint-Pierre,PJ,SPM
Air Samarkand,9S,UZS
Air Senegal,HC,SZN
Air Seoul,RS,ASV
Air Seychelles,HM,SEY
Air Sphinx,,ASD
Air Spray,,ASB
Air Sunshine,,RSI
Air Tahiti,VT,VTA
Air Tahiti Nui,TN,THT
Air Tanzania,TC,ATC
Air Taxi & Charter International,,IBJ
Air Tetiaroa,,TOA
Air Thanlwin,ST,RTL
Air Tindi,8T,TIN
Air Transat,TS,TSC
Air Transport Europe,,EAT
Air Transport International,8C,ATN
Air Travel,A6,OTC
AIR TXT,,XTX
Air Urga,3N,URG
Air Vanuatu,NF,AVN
Air Vitosha,,VTO
Air Volta,,VLB
Air Wisconsin,ZW,AWI
Air Zimbabwe,UM,AZW
Air-Glaciers,,AGV
Air-Taxi Europe,,TWG
Air1Air,,INA
Air65 Aviation,,FGB
AirACT,9T,RUN
AirAsia,AK,AXM
AirAsia Cambodia,KT,KTC
AirAsia X,D7,XAX
airblue,PA,ABQ
Airborne Imaging,,ARZ
AirBridgeCargo Airlines,RU,ABW
Airbus,,AIB
Airbus Beluga Transport,,BCO
Airbus Canada,,ABK
Airbus Transport International,4Y,BGA
Aircalin,SB,ACI
Aircharters Worldwide,,MJS
Aircraft Management Group,,RVJ
Aireon Canada,,AEN
Airest,,AEG
AirExplore,ED,AXE
Airfast Indonesia,FS,AFE
AirGO Private Airline,,XGO
airHaifa,E2,HFA
Airhub Airlines,RE,GJM
AirJet,,MBC
Airkenya Express,P2,XAK
Airlec Air Espace,,ARL
Airlift,,ALI
Airlift International,,AIR
Airlink,,JAR
Airlink,4Z,LNK
AirMaster,MR,RMX
Airmax,,MMX
AirNet,,USC
Airnorth,TL,ANO
AIRPAC Airlines,,APC
AirQuest Aviation,,RQT
AirSERBIA,JU,ASL
AirSF Flight Services,,XSN
Airshare,,XSR
AirSial,PF,SIF
AirSmart,,XSM
AirSprint,,ASP
AirStar Charter,,OLV
Airstream,,AQS
AirSWIFT,T6,ATX
AirTanker,9L,TOW
Airtask,,DCT
AirTraffic,,ATY
Airvan Kenya,,AKV
Airwaze,,WZE
Airwork,,AWK
AirX,,AXY
AIS Airlines,,PNX
Aitheras Aviation Group,,PXG
AIX Connect,I5,IAD
AJet,VF,TKJ
Akasa Air,QP,AKJ
Al-Atheer Aviation,,ATE
Aladdin Jet,,ADJ
Alaman Air,,TTR
Alante Air Charter,,SVL
Alaska Airlines,AS,ASA
Alaska Central Express,KO,AER
AlbaStar,,LAV
Albatros Airlines,G0,GAL
Albinati Aeronautics,,LUC
Albinati Aviation,,ULC
Alexandria Airlines,DQ,KHH
Alexjets San Marino,,AXJ
Alfa Airlines,5E,AAJ
Alidaunia,D4,LID
AlisCargo Airlines,CP,LSI
Aliserio,,TJD
ALK Airlines,,VBB
Alkan Air,,ALN
Alkan Air,,AKN
Alkebulan Airlines,,AKU
All Nippon Airways,NH,ANA
Allegiant Air,G4,AAY
Alliance Air,9I,LLR
Alliance Airlines,QQ,UTY
Alliance Executive Jets,,ALE
Allied Air,4W,AJK
AlMasria Universal Airlines,UJ,LMU
Aloha Air Cargo,KH,AAH
AlpAvia,AL,APP
Alpha Aviation,,AAO
Alpha Three Aviation,,APW
Alphaland Aviation,0A,BIC
AlphaSky,AS,JAG
Alpi Jets,,ALX
Alpine Air Express,5A,AIP
Alpine Flightservice,,FSE
Alrosa,6R,DRU
Altagna,,AGH
Altair,,MOM
Altair Airlines,,AQL
Altius Aviation,,STY
Amakusa Airlines,MZ,AHX
AMC Airlines,,AMV
AMC Aviation,,AMQ
Amelia,8R,AIA
Amelia International,NL,AEH
American Air Charter,,GTW
American Airlines,AA,AAL
American Jet,,AJB
American Jet International,,SCM
Ameriflight,A8,AMF
Amerijet International,M6,AJT
Ameristar,7Z,AJI
AMREF Flying Doctors,,FDS
AMS Airlines,,GEO
ANA Wings,EH,AKX
Anap Jets,,AJP
Anderson Air,,ADS
Andes Lineas Aereas,O4,ANS
Angara Airlines,,AGU
Anguilla Air Services,Q3,AXL
Animawings,A2,AWG
Antonov Airlines,,ADB
APG Airlines,GP,RIV
Arajet,DM,DWI
Arc en Ciel,,JMS
Archer Air,,AXR
Arcus Air,,AZE
Argentina - Air Force,,FAG
Ariana Afghan Airlines,FG,AFG
Ariella,EL,RIE
Arik Air,W3,ARA
Arkhangelsk Airlines,,OAO
Arkia Israeli Airlines,IZ,AIZ
Armenia Airways,6A,AMW
Armenian Airlines,JI,AAG
Aruba Airlines,AG,ARU
ASAS Linhas Aereas,,CEU
Ascend Airways,YD,SYG
ASG Business Aviation,,ESW
Asia Cargo Airlines,GM,TMG
Asia Pacific Airlines,P9,MGE
Asia Sky Lines,,LIC
Asia Union Airlines,7Q,AUV
Asian Express Airlines,RS,TXP
Asian Express General Aviation Wuxi,,WUA
Asiana Airlines,OZ,AAR
ASKY Airlines,KP,SKK
ASL Airlines,5H,ABR
ASL Airlines Australia,PH,PHA
ASL Airlines Belgium,3V,TAY
ASL Airlines France,5O,FPO
ASL Airlines UK,,ABV
Asta Linhas Aereas,0A,SUL
Astonfly,,BLT
Astonjet,,ASJ
Astonjet Malta,,AJD
Astral Aviation,8V,ACP
ATA Airlines,I3,TBZ
ATI Jet,,CYO
Atlanta Air Charter,,CTE
Atlantic Airways,RC,FLI
Atlantic Flight Training Academy,,AFZ
Atlantic Jets,,AJG
Atlas Air,5Y,GTI
Atlas Air Company,,MUR
Atlas Air Service,,ATL
ATM Information Service Japan,,ATO
ATP Flight School,,CXK
ATR,,EVX
Atran,V8,VAS
Atsa Airlines,4A,AMP
Auckland Rescue Helicopter,,WPR
Auric Air,UI,AUK
Aurigny Air Services,GR,AUR
Aurora,HZ,SHU
Aurora Flight Sciences,,AUU
Australia - Customs,,CUS
Australia - Federal Police,,FPL
Australia - Royal Australian Air Force,,ASY
Austria - Air Force,,ASF
Austrian Airlines,OS,AUA
Av8Jet,,AJO
AVA Airlines,,AXV
Avalair Aircraft Management,,ARR
Avanti Air,,ATV
AvCenter,,TTE
Avcon Jet,,AOJ
Avcon Jet Malta,,VCJ
Avcon Jet San Marino,,VAJ
Avelo Airlines,XP,VXP
Avia Traffic,YK,AVJ
Aviacon Zitotrans,ZR,AZS
Avianca,AV,AVA
Avianca Cargo,QT,TPA
Avianca Costa Rica,LR,LRC
Avianca Ecuador,2K,GLG
Avianca El Salvador,TA,TAI
Avianca Express,EX,AVR
Avianca Guatemala,GU,GUG
Aviastar,,VIT
Aviastar-TU,4B,TUP
Aviation Adventures,,AVL
Aviation Advisor,,LKF
Aviation Horizons,ZS,HZS
Aviator College,,WCP
AVIATOR.S5,,VIO
Aviatsa,,VVT
Avincis,,INR
Avincis Aviation Italia,,ELH
Avincis Aviation Norway,,BNO
Avincis Aviation Sweden,,DFL
Avion Express,X9,NVD
Avion Express Brasil,,AEB
Avion Express Malta,4X,MLH
Avionco US,,RJR
Avionord,,VND
Avior Airlines,9V,ROI
Aviostart,,VSR
AWA,,WEY
Awesome Cargo,A7,WIN
AXIS Aviation,,BQA
Axis Aviation San Marino,,AXS
Azerbaijan Airlines,J2,AHY
Azimuth,A4,AZO
Azman Air,ZU,AZM
Azores Airlines,S4,RZO
Aztec Airways,AJ,AZY
Azul,AD,AZU
Azul Conecta,2F,ACN
Azur Air,ZF,AZV
B. J. Aviation,,JSD
B.J. Aviation,,JSG
B2C Airways,,BTC
BA CityFlyer,CJ,CFE
BA Euroflyer,A0,EFW
BAA Training,,BFS
Babcock,,RHD
Babcock MCS France,,PTH
Backcountry Aviation,,SQH
Baden Aircraft Operations,,BAO
Badr Airlines,J4,BDR
BAe Systems,,BAE
BAE Systems Marine,,VSB
Bahamasair,UP,BHS
Bairline,,BRJ
Baker Aviation,,KOW
Bamboo Airways,QH,BAV
Bangkok Airways,PG,BKP
BankAir,,BKA
Bar XH Air,,BXH
Baron Aviation Services,,BVN
Bassaka Air,5B,BSX
Batik Air,ID,BTK
Batik Air Malaysia,OD,MXD
BBN Airlines,B5,BBT
BBN Airlines Indonesia,0B,BBL
Bearskin Airlines,JV,BLS
Bees Airlines,E8,BES
Beijing Airlines,,BJN
Bel Air Aviation,,BBX
Belavia,B2,BRU
Belgium - Air Force,,BAF
Belgium - Coast Guard,,BCG
Belgium - Gendarmerie,,GDB
Belgium - Navy,,NYB
Bell Helicopter,,TXH
BellAir,,TCN
Bemidji Airlines,CH,BMJ
Benin Airlines,PL,ABT
beOnd,B4,BYD
Bering Air,8E,BRG
Berjaya Air,J8,BVT
BermudAir,2T,BMA
Berniq Airways,NB,BNL
Berry Aviation,,BYA
Best Jets International,,DOW
Bestfly Aruba,,BFY
BH Air,8H,BGH
Bhutan Airlines,B3,BTN
Big Bend Community College Aviation,,BGB
Bighorn Airways,,BHR
Biman Bangladesh Airlines,BG,BBC
BinAir,,BID
Binani Air,,BGL
Binter Canarias,NT,IBB
Bioflight,,BIO
Birdbase Aviation,,BAG
Blackbird Air,,BBB
Blessings Aviation Charter,,TJJ
Blue Bird Aviation,,BLB
Blue Dart Aviation,BZ,BDA
Blue Islands,SI,BCI
Blue Jet Airways,,BJQ
Blue Square Aviation,,BSG
Bluebird Airways,BZ,BBG
Bluebird Aviation,,BBZ
Bluesky Airways,,BSF
BlueSky Aviation,,SBK
Boeing,,BOE
Boliviana de Aviacion,OB,BOV
Bombardier,,BBA
Bombardier Montreal,,CDR
Bookajet,,BOO
Boutique Air,4B,BTQ
BRA,TF,BRX
Braathens International Airways,TT,BIX
Braspress Air Cargo,,BPC
Bravo Airways,,BAY
Brazil - Air Force,,BRS
Brazil - Army,,EXB
Brazil - Navy,,MBR
Breeze Airways,MX,MXY
Bridger Aerospace,,BGR
Bridges Air Cargo,5B,BRD
Brilliant Jet,,TXJ
Bristow Helicopters,,BHL
Bristow Nigeria,,BHN
Bristow Norway,,NOR
Bristow US,,BTZ
British Airways,BA,BAW
British Airways Shuttle,,SHT
British International Helicopters,,BRT
Bromma Air Maintenance,,CFL
Brussels Airlines,SN,BEL
Budapest Aircraft Service,RP,BPS
Buddha Air,U4,BHA
Buffalo Airways,J0,BFL
Buffalo River Aviation,,OFT
Bul Air,LB,BVL
Bulgaria - Air Force,,AFB
Bulgaria - Government,,BGF
Bulgaria Air,FB,LZB
Buraq Air,UZ,BRQ
Burkina Faso - Government,,BFA
Business Aviation Asia,UN,UNA
Business Wings,,JMP
Buzz,RR,RYS
BySky,,BYS
C&M Airways,,RWG
CAA,BU,DBP
Cabo Verde Airlines,VR,TCV
CAE,,CSR
CAE,,OXF
CAE Aviation,,LXC
Caicos Express Airways,9Q,CXE
Calm Air,MO,CAV
Calstar,,CMD
Camair-Co,QC,CRC
Cambodia Airways,KR,KME
CAMEX Adria Airlines,,CMM
CAMEX Airlines,Z7,CMS
Canada - Coast Guard,,CTG
Canada - Department of Transport,,TGO
Canada - Ontario Ministry of Natural Resources,,ONT
Canada - Royal Canadian Air Force,,CFC
Canada - Royal Canadian Mounted Police,,SST
Canada - Saskatchewan Air Ambulance Service,,SLG
Canadian Airways Congo,,TWC
Canadian North,5T,AKT
Canair,,RSC
CanaryFly,PM,CNF
Canavia,,CNA
Canlink Aviation,,MFC
CanWest Air,,CWA
Cape Air,9K,KAP
Capital Air Ambulance,,EGL
Capital Airlines,JD,CBJ
Capital City Air Carriers,,CCQ
Cardig Air,7D,CAD
CareFlight,,CFH
Cargo Air,,CGF
Cargo Three,C3,CTW
Cargojet Airways,W8,CJT
Cargolux,CV,CLX
Cargolux Italia,C8,ICV
Caribbean Airlines,BW,BWA
Carlisle Air Group,,CCK
Carpatair,V3,KRP
Carson Air,,CRN
Caspian Airlines,IV,CPN
CASS Professional Services,,SWB
Castle Aviation,,CSJ
Cat Aviation,,CAZ
Cathay Pacific,CX,CPA
Catreus,,VCG
Cavok Air,,CVK
Cayman Airways,KX,CAY
CB SkyShare,,CBC
Cebgo,DG,SRQ
Cebu Pacific,5J,CEB
Ceiba Intercontinental,,CEL
CemAir,5Z,KEM
Centene Management Company,,TMP
Central Air Southwest,,CTL
Central Airlines,I9,HLF
Central Mountain Air,9M,GLR
Centreline,,CLF
Cerium Air,,CAQ
Chabahar Airlines,,IRU
Chair Airlines,GM,GSW
Chalair Aviation,CE,CLG
Challenge Air Cargo,X6,CHZ
Challenge Airlines BE,X7,CHG
Challenge Airlines IL,5C,ICL
Cham Wings Airlines,,SAW
Charter Airlines,,RKJ
Charter Jets,,LTC
Chartright Air,,HRT
CHC Helicopter,,HMB
CHC Helicopters Netherlands,,HNL
CHC Helicopters Nigeria,,ATQ
CHC Helikopter Service,,HKS
CHC International,,GCY
Chengdu Airlines,EU,UEA
Chervon,,GLH
Chicago Jet Group,,WDY
China - Air Force,,CKJ
China - Civil Aviation Administration,,CFI
China Airlines,CI,CAL
China Cargo Airlines,CK,CKK
China Eastern Airlines,MU,CES
China Express Airlines,G5,HXA
China Postal Airlines,CF,CYZ
China Southern Airlines,CZ,CSN
China Southern Cargo,,CSG
China United Airlines,KN,CUA
Chodang University,,CDQ
Chongqing Airlines,OQ,CQN
Chrono Aviation,MB,NDL
Chrono Jet,MB,MBK
Cinnamon Air,C7,CIN
Circadian Aviation,,CYC
CITIC Offshore Helicopter,,CHC
Citilink,QG,CTV
CityJet,WX,BCY
Civil Air Patrol,,CAP
Class Aviation,,DUC
Clay Lacy Aviation,,CLY
Clic,VE,EFY
ClipperJet,,ORO
Club Jet Charter,CE,CUJ
CM Airlines,H5,OMT
CMA CGM Air Cargo,2C,CMA
Coastal Aviation,CQ,CSV
Cobalt Air,CO,FCB
Cobham Aviation Services Australia,,NJS
Colombia - Air Force,,FAC
Colorful Guizhou Airlines,GY,CGZ
Comlux,,CLA
Comlux Aruba,CS,CXB
Comlux Kazakhstan,,KAZ
Comlux Malta,,MLM
CommuteAir,C5,UCA
Compagnia Aeronautica Italiana,,CPI
Compass Air Cargo,HQ,ADZ
Conair,,FGD
Condor,DE,CFG
Congo Airways,8Z,CGA
Conquest Air,C4,QAI
Constanta Airline,,UZA
Contour Aviation,LF,VTE
Conviasa,V0,VCV
Copa Airlines,CM,CMP
Copenhagen Airtaxi,,CAT
Corendon Airlines,XC,CAI
Corendon Airlines Europe,XR,CXI
Corendon Dutch Airlines,CD,CND
Corporate Air,,CPT
Corporate Air,,MLN
Corporate Jet,,PHJ
Corsair,SS,CRL
Costa Rica - Ministry of Public Security,,MSP
Costa Rica Green Airways,GW,CRG
Coulson Aviation,,CUL
Cristalux,7Z,AUZ
Croatia - Air Force,,HRZ
Croatia Airlines,OU,CTN
Cronos Airlines,C8,CRA
Cronos Airlines Benin,,CKL
Cross Aviation,,CRX
Crown Airlines,FQ,CWN
Crystal Air,,CYT
CSA Air,,IRO
CSI Aviation,,CSI
CSM Aviation,,TOG
CTP Aviation,,CTP
Cubana,CU,CUB
Cygnus Air,,RGN
Cyprus Airways,CY,CYP
Czechia - Air Force,,CEF
Czechia - Government,,CIE
Daallo Airlines,D3,DAO
Dalian Airlines,,CCD
Dan Air,DN,DNA
Dana Air,9J,DAN
DAS Private Jets,,DWW
Dassault Falcon Service,,DSO
DAT,DX,DTR
DAT LT,R6,DNU
DB Aviation,,DBT
DC Aviation,,DCW
DC Aviation,,DCS
DC Aviation San Marino,,DCU
De Havilland Canada,,DHC
DEA Aviation,,WKT
Deer Jet,,DER
Deer Jet Beijing,,BDJ
Delta Air Lines,DL,DAL
Delta State University Aviation,,DSU
Denmark - Army,,DAR
Denmark - Navy,,DNY
Denmark -Air Force,,DAF
Desert Jet,,DJR
Desert Wings Aviation,,DWA
DesertAir Alaska,,DAZ
Deucalion Aviation,,DLN
Dexter Air Taxi,,DXT
DHL Aero Expreso,D5,DAE
DHL Air,D0,DHK
DHL Air Austria,Q7,DHA
DHL Aviation EEMEA,ES,DHX
Diamond Sky,,DMS
Dillon Aero,,KTY
Direct2,,LND
Discover Airlines,4Y,OCN
Divi Divi Air,3R,DVR
Dokia Air,,DKA
Donghai Airlines,DZ,EPA
Dornier Aviation Nigeria Aiep,DO,DAV
Douniah Airlines,DH,DTS
DragonFly Executive,,CBM
Draken Europe,,FRA
Dreamline Aviation,,DLX
DRF Luftrettung,1I,AMB
Dronamics Europe Airlines,OY,DXE
Druk Air,KB,DRK
Dubai Air Wing,,DUB
Duke Energy Business Services,,GGW
E+S Air,,CAH
E-Aviation,,EFD
E-Cargo Airlines,RF,ERF
EADS CASA,,AED
Eagle Air,,EGE
Eagle Air,,EGU
Eagle Air Iceland,,FEI
Eagle Creek Aviation,,EGC
EagleMed,,EMD
EAS Barcelona,,EAX
East Coast Flight Services,,JTM
East Coast Jets,,ECJ
East Wing,,EWZ
East-West Express,,EWU
Eastar Jet,ZE,ESR
Eastern Air Express,,BBQ
Eastern Airlines,2D,EAL
Eastern Airways,T3,EZE
Eastern Australia Airlines,,EAQ
Easy Charter,RD,LOL
easyJet,U2,EZY
easyJet Europe,EC,EJU
easyJet Switzerland,DS,EZS
EATIS,,SRK
EC Charter,,EXC
Eclair Aviation,,ECC
ECO Airlines,,EKO
EcoJet,8J,ECO
Ecuador - Air Force,,FAE
Edelweiss Air,WK,EDW
EGT Jet,,EGT
Egypt - Air Force,,EGY
Egyptair,MS,MSR
Egyptair Cargo,,MSX
EJM Europe,,JME
El Al,LY,ELY
Elan Express,,ELX
Elangeni,,ELG
Electra Airways,3E,EAF
Elemental Aviation,,MWH
Elifriulia,,EFG
Elilombarda,,EOA
Elin Group,,ELN
Eliossola,,EOS
Elit'Avia International,,EAA
Elitaliana,,ELA
Elitavia,,EAV
Elitavia Malta,MA,EAU
Elite Air,,ELZ
Elite Airways,7Q,MNU
Elitellina,,FGS
EliteSky Express,,ESK
Elthuraya Aviation,,FIB
Embraer,,EMB
Embry-Riddle Aeronautical University,,ERU
Emerald Airlines,EA,EAI
Emerald Airlines UK,,EAG
Emetebe,,EMT
Emirates,EK,UAE
Emirates Flight Training Academy,,EFC
Emperor Aviation,,EMM
Empire Airlines,EM,CFS
Empire Aviation,,MJE
Empresa Publica de Transporte Aereo Militar,,EPT
Empyreal Jet,,RLJ
ENAC Ecole Aviation Civile,,NAK
Encore Air Cargo,,DKT
Endeavor Air,9E,EDV
ENG Aviation,,ENG
Enter Air,E4,ENT
Envoy,MQ,ENY
Epic Flight Academy,,EPI
Epsilon Aviation,,GRV
Era Helicopters,,ERH
Estafeta,E7,ESF
Estelar,ES,ETR
Estonia - Air Force,,EEF
Eswatini Air,RN,SZL
ETF Airways,2F,EZZ
Ethiopian Airlines,ET,ETH
Etihad Airways,EY,ETD
Euro Link,,EUL
Euro-Asia Air,5B,EAK
EuroAtlantic Airways,YU,MMZ
Euroavia Airlines,M8,SEB
Eurocopter Deutschland,,RDF
European Air Charter,H6,BUC
European Air Transport,QY,BCS
European Aircraft Private Club,,PGC
European Cargo,SE,URO
European Flight Academy,,PTO
European Flight Service,,EUW
European Flyers,,FYS
European SAO,,EKT
Eurowings,EW,EWG
Eurowings Europe,E6,EWL
EVA Air,BR,EVA
Everts Air Alaska,5V,VTS
EWA Air,ZD,EWR
Excellent Air,,ECA
Exclusive Aviation,,REE
Execuflight,,EFT
ExecuJet,,EXD
Execujet Middle East,,EJO
Execujet Scandinavia,,VMP
Executive Airlink,,ENK
Executive Aviation Corporation,,SIY
Executive Aviation Services,,VYR
Executive Fliteways,,XFL
Executive Jet Charter,,EXJ
Executive Jet Management,,EJM
Exploits Valley Air Services,8K,EVS
Express Air Cargo,7A,XRC
Express Freighters Australia,QE,EFA
Exxaero,,XRO
Eznis Airways,MG,EZA
Ezy Airlines,,EZT
FAI rent-a-jet,,IFA
Falcon Aviation Services,,FVS
Fanjet Express,7F,FJE
Farmingdale State University Aviation,,FDL
Fast Air,,PBR
Fastjet,FN,FJW
Federal Airlines,C8,FDR
FedEx,FX,FDX
Fenix Air Charter,,FNX
Feuerwehr-Flugdienst Niedersachsen,,FFD
Fiji Airways,FJ,FJI
Fiji Link,,FJA
Finistair,,FTR
Finland - Air Force,,FNF
Finland - Border Guard,,FNG
Finnair,AY,FIN
FinnHEMS,,FIH
Firefly,FY,FFM
First Air,7F,FAB
First Nation Airways,,FRN
FitsAir,8D,EXV
Flair Airlines,F8,FLE
Fleet Air International,,FRF
Flexflight,W2,FXT
Flexjet,,LXJ
Flexjet Operations Malta,,FJO
Flexjet UK,,FLJ
Flexjet Vertical Lift,,FXC
Flight Calibration Services,,FCK
Flight Calibration Services,,VOR
Flight Fast Track,,FTT
Flight Options,,OPT
Flight Training Europe,,AYR
FlightExec,,FEX
Flightline,,FTL
Flightlink,YS,FLZ
Flightpath Charter Airways,,KNT
Flightstar,,FSR
Flightworks,,FWK
Flints Aero Services,,FSL
Flitewatch,,FLW
Florida Air Cargo,,FAS
Florida Flyers Flight Academy,,FFY
Florida Tech College of Aeronautics,,TCF
Fltplan,,DCM
Flugfelag Islands,NY,FXI
Fly 7,,FSF
Fly Across,,ACW
Fly Air41 Airways,,BER
Fly Alliance,,KPO
Fly AllWays,8W,EDR
Fly ALS,,ALW
Fly Angola,EQ,FLA
Fly Baghdad,IF,FBA
Fly Express Airlines,,FAX
Fly Jet KZ,,FJK
Fly Jinnah,9P,FJL
Fly Khiva,D3,KFH
Fly Khiva,2U,FKH
Fly OYA,YI,OYA
Fly Pro,FP,PVV
Fly Red Sea,Z4,RSG
Fly Sky Airlines,,FSQ
Fly Sky Airlines,,FSU
Fly Tyrol,,FTY
Fly Yemen Airlines,,FYO
Fly-Coop Air Service,,FCA
Fly2Sky,F6,VAW
Fly4 Airlines,F4,FFA
Fly540,5H,FFV
Fly91,IC,GOA
flyadeal,F3,FAD
FlyAden,DH,QFF
FlyArystan,FS,AYN
FlyBig,S9,FLG
Flybondi,FO,FBZ
FlyBy,,FBY
flydubai,FZ,FDB
UR Airlines,UD,UBD
flyExclusive,,JRE
FLYGTA Airlines,SX,TOR
Flying Business Aviation,,FBX
Flying Service,,FYG
Flyinggroup,,FYL
Flylili,FL,LIL
FlyMe,VP,VQI
FlyMontserrat,5M,MNT
FlyNamibia,WV,FLN
flynas,XY,KNE
FlyOne,5F,FIA
FlyOne Armenia,3F,FIE
FlyOne Romania,OE,FOE
FlyPelican,FP,FRE
FlySafair,FA,SFR
FlySchool,,FSM
Flyus,,FUU
FlyWales,,PYN
Flyyo,4D,DIR
Fort Aero,,FRX
Four Corners Aviation,,ULA
Fox Aviation,,FIX
France - 	Police Aux Frontiers,,POF
France - Air Force,,FAF
France - Air Forces Command,,CTM
France - Army,,FMY
France - Customs,,FDO
France - Navy,,FNY
France - Securite Civile,,FRU
Franconia Air Service,,FRC
Freebird Airlines,FH,FHY
Freebird Airlines Europe,MI,FHM
Freedom Airline Express,4F,FDT
Freedom Airline Express,4K,SMK
Freight Runners Express,,FRG
French bee,BF,FBU
Frontier Airlines,F9,FFT
FROST,,FRO
FSH Aviation,,LEJ
FTL Airlines,C0,FGO
Fuji Dream Airlines,JH,FDA
Fuzhou Airlines,FU,FZA
FX TerraDynamics,,FTX
GainJet,,GNJ
Galistair Infinite Aviation,8S,GTR
Gama Aviation,,GMA
Gama Aviation Cayman,,GKY
Gama Aviation UAE,,GSH
Garuda Indonesia,GA,GIA
Gazpromavia,4G,GZP
Gelix Airlines,,GAI
Gelix Airlines,,GLX
General Atomic AeroTech Systems,,DOR
Genex,,GNX
Genghis Khan Airlines,9D,NMG
Georgian Airlines,GH,IGT
Georgian Airways,A9,TGZ
Georgian Aviation University,,AUG
Geosky,D4,GEL
German Airways,ZQ,GER
Germany - Air Ambulance,,CHX
Germany - Air Force,,GAF
Germany - Army,,GAM
Germany - DLR Flugbetriebe,,LFO
Germany - Navy,,GNY
Gesellschaft Fur Flugzieldarstellung,,GFD
Gestair,,GES
Gestair Malta,,GSM
Getjet Airlines,GW,GJT
Getjet Airlines Latvia,,DML
Gewan Airlines,,GWN
Ghadames Air Transport,NJ,GMS
Ghana - Air Force,,GHF
Glasym,,EYH
Global Air Charters,,GJE
Global Air Transport,5S,GAK
Global Airways,,GBL
Global Aviation,,MSS
Global Aviation,,GEA
Global Aviation Burkina Faso,,GBF
Global Jet Austria,,GLJ
Global Jet Luxembourg,,SVW
Global Reach Aviation,,GAV
Global Wings,,GWW
GlobalX,G6,GXA
GlobeAir,,GAC
Go First,G8,GOW
Go Jet Aviation,,GYS
Go2Sky,6G,RLX
GoJet ,G7,GJS
GOL Linhas Aereas,G3,GLO
Goldeck Flug,,GDK
GoodJET,,GDG
Gouvernement du Quebec,,QUE
GP Aviation,IV,GPX
Grafair,,GFM
Grand Canyon Airlines,YR,CVU
Grand China Air,CN,GDC
Grant Aviation,GV,GUN
Greater Bay Airlines,HB,HGB
Greece - Air Force,,HAF
Greece - Army,,HLA
Greece - Navy,,HNA
Green Africa,Q9,GWG
Greybird Aviation,,GAG
Gryphon Air,,GRP
GTA Air,,GTX
Guardian Air,,GRA
Gulf Air,GF,GFA
Gulf and Caribbean Cargo,IF,TSU
Gulf Wings,,GWC
Gulfstream Aerospace,,GLF
GullivAir,G2,GBG
Gum Air,,GUM
Guna Airlines,,GUA
GX Airlines,GX,CBG
Hahn Air,HR,HHN
Hai Au Aviation,,HAI
Hainan Airlines,HU,CHH
Hala Air,HG,HTP
Halla Airlines,,HGA
Hangar 8,,HGR
Hanseo University,,HSF
Harco Aviation,,HRC
Harmony Jets,,HMJ
Haute Aviation,,BOM
Haute Aviation,,HUE
Hawaiian Airlines,HA,HAL
Hayways,Y5,HYY
Hebei Airlines,NS,HBH
Heli Air Monaco,YO,MCM
Heli Air Services,,HLR
Heli Holland,,HHE
Heli Securite,,HLI
Heli Service International,,HSO
Héli-Union,,HLU
Helibravo,,HIB
Helicol,,HEL
HeliDubai,,HDB
Helijet International,,JBA
Helistar,,HTS
Helistar,,HSR
Helitrans,,HDR
HELITY Copter Airlines,,HTY
Hello Jets,H3,HLJ
Helvetic Airways,2L,OAW
Henley Air,,HGH
Hera Flight,,HER
Hermes Airlines,H3,HRM
Heron Aviation,,HRN
Heston Airlines,HN,HST
Hi Fly,5K,HFY
Hi Fly Malta,3L,HFM
Himalaya Airlines,H9,HIM
Hinterland Aviation,OI,HND
HiSky,H7,HYM
HiSky Europe,H4,HYS
HK express,UO,HKE
HNV Cote d'Ivoire,,HNZ
Hokkaido Air System,,NTH
Holiday Europe,5Q,HES
Honeywell International,,HNW
Hong Kong - Government Flying Service,,GFS
Hong Kong Air Cargo,RH,HKC
Hong Kong Airlines,HX,CRK
Hop-A-Jet,,HPJ
Horizon Air,QX,QXE
Hoverfly,,HOV
HTM Helicopter Travel Munich,,HTM
Hummingbird Aviation,,ETI
Hungary - Air Force,,HUF
Hunnu Air,MR,MML
Hydro-Québec,0Q,HYD
Hyperion Aviation,,HYP
I-Fly,F7,RSY
I-Fly Air,,IFY
IAS Medical,,MDI
IASCO Flight Training,,MMY
IBC Airways,II,CSQ
Iberia,IB,IBE
Iberia Express,I2,IBS
Iberojet,E9,EVE
Ibex Airlines,FW,IBX
Ibom Air,QI,IAN
Icar Air,,RAC
Iceland - Coast Guard,,ICG
Icelandair,FI,ICE
ICS-Aero,,ICF
IFA - Instituto de Formacao Aeronautica,,IFJ
IFL Group,,IFL
Ikar,EO,KAR
Image Air Charter,,BMG
ImperialJet,,PNK
ImperialJet,,JTI
India - Air Force,,IFC
Indiana State University Flight Academy,,ISU
IndiaOne Air,I7,IOA
IndiGo,6E,IGO
Indonesia AirAsia,QZ,AWQ
Initium Aviation,,INI
Inner Mongolia Express,,IME
iNTAIRLINE,,ITI
Integra Jet,,IJR
Intel Air Shuttle,,HGT
InterCaribbean Airways,JY,IWY
InterJet West,K8,IJW
International Committee of the Red Cross,,RED
International Jet,,IJA
International Jet Management,,IJM
IrAero,IO,IAE
Iran Air,IR,IRA
Iran Airtour,B9,IRB
Iran Aseman Airlines,EP,IRC
Iraq Gate Company,,IGC
Iraqi Airways,IA,IAW
Irving Oil Transport,,KCE
Island Wings Charter,,IWL
Israir Airlines,6H,ISR
ITA Airways,AZ,ITY
Italfly,,ITL
Italy - Air Force,,IAM
Italy - Army,,IEI
Italy - Coast Guard,,GCI
Italy - Navy,,MMI
iXAir,,IXR
Izhavia,I8,IZA
J D Aviation,,JDA
JA Air Charter,,LTD
Jackson Demolition Service,,JDS
Jambojet,JM,JMA
Japan Air Commuter,JC,JAC
Japan Airlines,JL,JAL
Japan Transocean Air,NU,JTA
Jayawijaya Dirgantara,,JWD
Jazeera Airways,J9,JZR
Jazz Aviation,QK,JZA
JC Bamford Excavators,,JCB
JDL Airlines,JG,JDL
Jeju Air,7C,JJA
Jet Access Aviation,,JXA
Jet Aviation Business Jets,PP,PJS
Jet Aviation Business Jets Deutschland,,JBD
Jet Aviation Flight Services,,JAS
Jet Charter,N2,JCT
Jet Concierge Club,,JCO
Jet Edge,,EDG
Jet Executive,,JEI
Jet Fly Airline,,JFL
Jet It,,JIT
Jet Linx Aviation,JL,JTL
Jet Logistics,,JLG
Jet Net Services,,JNS
Jet OUT,,CRE
Jet Rescue Air Ambulance,,MTS
Jet Sky Airways,JK,JTK
Jet Story,,JDI
Jet Test International,,JTN
Jet View,,JVW
Jet2,LS,EXS
Jetbee Czech,,JBC
JetBlue,B6,JBU
Jetcall,,JCL
Jetconnect,,QNZ
JetFlite,,JEF
Jetfly Aviation,,JFA
JetHouse,,JTH
Jetkontor,,JKH
JetNetherlands,,JNL
jetNEXA,,JNX
Jetology,,JTY
JetRight,,JRT
Jetset,,CEO
JetSMART,JA,JAT
JetSMART Argentina,WJ,JES
JetSMART Colombia,J6,JEC
JetSMART Peru,JZ,JAP
Jetspremier,,JPM
Jetstar,JQ,JST
Jetstar Asia,3K,JSA
Jetstar Japan,GK,JJP
JetStream,,JSH
Jetstream Aviation Congo,,JSC
JetStream Charter,,VTB
Jettime,JP,JTD
Jetways Airlines,WU,JWX
Jhonlin Air Transport,,JLB
Jiangxi Air,RY,CJX
Jiangxi Express Commuter Aviation,,KXA
Jin Air,LJ,JNA
Jinxiang Airlines,,JXX
Jivair,,JIV
John Deere,,JDC
JoinJet,,JNJ
Jonair,,JON
Jonika,,JNK
Jordan - Air Force,,RJZ
Jordan Aviation,R5,JAV
Journey Aviation,,JNY
JoyAir,JR,JOY
JS Aviation,,JSM
Jsky Airlines,,ISP
JSX,XE,JSX
Jubba Airways,3J,JBW
Jump Air,,JUP
Juneyao Air,HO,DKH
Jung Sky,,JSY
K&R Aviation,,OPN
K-Mile Air,8K,KMI
K5-Aviation Germany,,KAY
KaiserAir,,KAI
Kalitta Air,K4,CKS
Kalitta Charters,K9,KFS
Kalitta Charters II,K5,KII
Kam Air,RQ,KMF
Kamaka Air,,KMK
Kangala Air Express,,KAE
Kansas State University Aviation,,KSU
Karun Airlines,,KRU
Keewatin Air,FK,KEW
Kelowna Flightcraft Air,FK,KFA
Kenai Aviation,,KNW
Kenmore Air,M5,KEN
Kenn Borek Air,4K,KBA
Kent State University College of Aeronautics,,KSF
Kenya Airways,KQ,KQA
Key Air,,KEY
Key Lime Air,KG,LYM
KhabAvia,,KHF
Kingfisher Air,,BEZ
Kish Air,,KIS
KlasJet,,KLJ
KLM,KL,KLM
KLM Cityhopper,WA,KLC
KM Malta Airlines,KM,KMM
KN Helicopters,,SHW
Kolob Canyons Air Services,,KCR
Komiaviatrans,KO,KMA
Korea Aerospace University,,HGD
Korea Aviation College,,KAG
Korea National University of Transportation,,KTU
Korean Air,KE,KAL
Kosmos Airlines,,KSM
Krasavia,KV,SSJ
Kudlik Aviation,,KUK
Kunming Airlines,KY,KNA
Kush Aviation,,KUH
Kuwait Airways,KU,KAC
Kyungwoon University,,WCD
L.J. Aviation,,LJY
L3Harris Airline Academy,,LFA
La Compagnie,B0,DJT
La Costena,LC,NIS
Labcorp,,SKQ
LADE,5U,LDE
LAM,TM,LAM
Lanexang Airways International,,LXW
Lao Airlines,QV,LAO
Lao Skyway,LK,LLL
LAS Cargo,4L,LAU
Laser Airlines,QL,LER
LATAM Airlines,LA,LAN
LATAM Brasil,JJ,TAM
LATAM Cargo,UC,LCO
LATAM Cargo Brasil,M3,LTG
LATAM Cargo Colombia,L7,LAE
LATAM Chile,LU,LXP
LATAM Colombia,4C,ARE
LATAM Ecuador,XL,LNE
LATAM Paraguay,PZ,LAP
LATAM Peru,LP,LPE
Latvia - Air Force,,LAF
Lauda Europe,LW,LDA
Leader,,LSA
LEAV Aviation,KK,NGN
Legacy Airways,,LGF
Legend Airlines,LZ,LAL
Legends Airways,,DVY
LeTourneau University Aviation,,JKA
Level,LL,LVL
Leviate Air Group,,SBE
Levu Air Cargo,,LVU
LIAT 20,5L,GAO
Libya - Air Force,,LBF
Libyan Airlines,LN,LAA
Libyan Express,,LXX
Libyan Wings,YL,LWA
Liebherr Aerospace,,LHB
Life Line Aviation,,LLK
Lift,GE,GBB
LIFT Academy,,LTA
Linkasia,9L,LAI
Lion Air,JT,LNI
Lion Helicopters,,LHE
Lipican Aer,8I,LIP
Lithuania - Air Force,,LYF
Liz Aviation,L0,LAZ
LLC H3Operations,,UHO
Loganair,LM,LOG
Lone Star Aviators,,BST
LongJiang Airlines,LT,SNG
Longtail Aviation,6T,LGT
Loong Air,GJ,CDC
LOT,LO,LOT
Lucky Air,8L,LKE
Lufthansa,LH,DLH
Lufthansa Cargo,,GEC
Lufthansa City,VL,LHX
Lufthansa CityLine,CL,CLH
Lufttransport,,LTR
Luminair,,LUA
Lumiwings,L9,LWI
Lunds Universitet,,UNY
Luxair,LG,LGL
Luxaviation,,LXA
Luxaviation Belgium,,AAB
Luxaviation E.A,,LMJ
Luxaviation Germany,,LXG
Luxaviation UK,,LNX
Luxembourg Air Ambulance,,LRQ
Luxwing,BN,LWG
Lydd Air,,LYD
Lynden Air Cargo,L2,LYC
Madagascar Airlines,MD,MGY
MAE Aircraft Management,MA,MEN
Maersk Air Cargo,DJ,SRR
Maersk Air Cargo UK,,MUK
Magnicharters,UJ,GMT
Mahan Air,W5,IRM
Makers Air,,WMA
Malawi Airlines,3W,MWI
Malaysia - Air Force,,RMF
Malaysia Airlines,MH,MAS
Maldivian,Q2,DQA
Maleth-Aero,DB,MLT
Mali Air,,MAE
Malta Air,MW,MAY
Malta MedAir,MT,MMO
Manasik Aviation,XN,MNM
Mandarin Airlines,AE,MDA
Mann Yadanarpon Airlines,7Y,MYP
Manta Air,NR,MAV
Map Linhas Aereas,7M,PAM
Marabu,DI,MBU
Marathon Airlines,O8,MTO
Marshall University Aviation,,HRD
Martinair,MP,MPH
Martinaire,,MRA
Martin’s Famous Pastry Shoppe,,HGE
mas,M7,MAA
Massey University School of Aviation,,MSY
MASwings,MY,MWG
Mater Logistics,,TKH
Mauritania Airlines,L6,MAI
Mavi Gök Airlines,4M,MGH
Max Air,VM,NGL
Max Air,,FCE
Max Aviation,,MAX
Maxair,,NTW
Maximus Airlines,6M,MXM
Maya Island Air,2M,MYD
McCall Aviation,,MKL
McNeely Charter Services,,MDS
MEA,ME,MEA
Med-Trans,,MEK
Medavia,,MDM
Medimpact,,NDG
Medsky Airways,BM,MNS
Mel Air,5M,MDO
Memorial Hermann Life Flight,,RDK
Meraj Airlines,,MRJ
Mercury Air Cargo,4X,MEC
Meregrass,,QHD
Meridian,,MEM
Meridian Air Company,,MMM
Mermoz-Academy,,MZY
Mesa Airlines,YV,ASH
Mexicana,XN,MXA
Mexicana,,MEX
Mexico - Air Force,,FAM
Mexico - Government,,MXG
Mexico - Navy,,ANX
MHS Aviation,M2,MHV
Miami Air Lease,,MGD
MIAT Mongolian Airlines,OM,MGL
MicroJet,,MCJ
Mid Africa Aviation,,MFG
MidAmerica Jet,,MJR
Middle Georgia State University School of Aviation,,NIT
Middle Tennessee State University Aerospace,,MTU
Midwest Aviation,,DZR
Midwest Aviation Division,,MWT
Millesime Aviation,,MIM
Mingalar,K7,KBZ
MJet,,MJF
MJets Air,WW,KXP
MNG Airlines,MB,MNB
Moalem Aviation,,AMA
Moçambique Expresso,,MXE
Modern Logistics,WD,MWM
Monacair,QM,MCR
Mongolian Airways,XF,MGW
Morningstar Air Express,,MAL
Motor Sich Airlines,M9,MSI
Mountain Air Cargo,,MTN
Mountain Aviation,,FTH
Mountain Flyers,,MFB
Move,,MVE
MPC Air,,MPC
Multiflight,,MFT
My Freighter,C6,MFX
My Indo Airlines,2Y,MYU
My Jet,,MYJ
Myanmar Airways International,8M,MMA
Myanmar National Airlines,UB,UBA
MyWay Airlines,MJ,MYW
Naljets,,APX
Nam Air,IN,LKN
Namibia - Defence Force,,NDF
Nantucket Airlines,,ACK
National Air Charters,JY,JYA
National Airlines,N8,NCR
National Airways,9Y,NAE
National Airways Corporation,,NTN
National Jet Express,NC,JTE
National Jet Systems,,QJE
National Jets,,EGS
NATO,,OAN
Nauru Airlines,ON,RON
Naysa,ZN,NAY
NEAJETS,,NEW
Neojets,,NJZ
Neos,NO,NOS
Nepal Airlines,RA,RNA
Nesma Airlines,NE,NMA
Netherlands - Coast Guard,,NCG
Netherlands - Navy,,NRN
Netherlands - Royal Air Force,,NAF
NetJets,,EJA
NetJets Europe,,NJE
Netjets UK,,NJU
Network Aviation,,NWK
New England Airlines,EJ,NEA
New England Patriots,,UDG
New Pacific Airlines,7H,RVF
New Way Cargo Airlines,NU,NWY
New Zealand - Royal New Zealand Air Force,,KIW
NexGen Aviation,,NXC
NextGen Flight Solutions,,XGN
NG Eagle,2N,XLE
NHC Northern Helicopter,,NHC
NHV,,NHD
NHV Helicopters,,NHZ
Nicholas Air,,JTZ
Niger Airlines,6N,NIN
Nigeria - Air Force,,NGR
Nile Air,NP,NIA
Nippon Cargo Airlines,KZ,NCA
Noble Air Charter,,JLJ
Nok Air,DD,NOK
Nolinor Aviation,N5,NRL
Nomad Aviation,,NUM
Nomadic Aviation,,OMD
Noordzee Helikopters Vlaanderen,,NHX
Nordic Unmanned,,NOU
NordStar,Y7,TYA
Nordwind Airlines,N4,NWS
Norlandair,,FNA
NORRA,N7,FCM
Norse,N0,NBT
Norse UK,Z0,UBT
Norsk Luftambulanse,,DOC
Nortavia,,RTV
North Cariboo Air,,NCB
North Central,,NCJ
North Country Aviation,,NKT
North Flying,,NFA
North Star Aviation,,MVK
North-West Air Company,0E,NWC
North-Western Cargo International Airlines,CO,CNW
North-Wright Airways,HW,NWL
Northern Air,,NLI
Northern Air Cargo,NC,NAC
Northern Air Fiji,,FJN
Northern Jet Management,,NJM
Northern Thunderbird Air,,NTA
Northway Aviation,,NAL
Northwest Flyers,,NWF
Northwestern Air,J3,PLR
Norway - Air Force,,NOW
Norwegian,DY,NOZ
Norwegian Air Sweden,D8,NSZ
Nouvelair,BJ,LBT
Nova Airways,,NOV
Novair,NG,NAI
NovaJet,,NOJ
Novoair,VQ,NVQ
Nyxair,OJ,NYX
Offshore Helicopter Services,,ULR
Ohio State University Aviation,,OSU
OK Aviation,,NTF
Okay Airways,BK,OKA
Oklahoma State University Aviation,,OST
Olympic Air,OA,OAL
Olympus Airways,,OLY
Oman - Royal Air Force,,MJN
Oman Air,WY,OMA
Omni Air International,OY,OAE
Omni Air Transport,,DRL
Omni Aviation,,OAV
Omni Aviation Training Center,,ONI
Omni Taxi Aereo,,OMI
One Air,HC,HGO
One Air Aviacion,,OAR
One Airways,OX,OEW
One Caribbean,,VCY
Orbest,6O,OBS
Oriental Air Bridge,OC,ORC
Origin Air,OG,OGN
Ornge Air,,PUL
Ortac,,ORT
Oscar Jet,,OSJ
OSM Aviation Academy,,SCQ
Overland Airways,OF,OLA
Owenair,,OWE
Owyhee Air Research,,WWF
Oyonnair,,OYO
P80 Air,,PMG
PACC Air,,WIS
Pacific Coast Jet,,PXT
Pacific Coastal Airlines,8P,PCO
Pacifica de Aviacion,PF,PFC
PADAviation,,PVD
Pakistan International Airlines,PK,PIA
PAL Aerospace,,SPR
PAL Airlines,PB,PVL
PAL Express,2P,GAP
Palau Express Airlines,P9,PXC
Pan American Airways,PN,PAA
Pan Europeenne,,EUP
Pan Europeenne Air Service,,PEA
Panaviatic,,VPC
Panellenic Airlines,,RJB
Panorama Airways,5P,UZP
Panorama Aviation,,PNO
Paradox Jets,,PJJ
Paranair,ZP,AZP
Parata Air,,FGW
Parkland College Institute of Aviation,,ILU
Pars Air,,PRS
Pascan Aviation,P6,PSC
PassionAir,OP,DIG
Patient Airlift Services,,PLZ
Patria Pilot Training,,PPT
Patriot Aviation,,PTT
Pattaya Airways,VV,PTW
PDG Aviation Services,,PDG
Peach,MM,APJ
Pecotox Air,P3,PXA
Pegasus,PC,PGT
Pegasus Elite Aviation,,PEG
Pel-Air,,PFY
Pelita Air,IP,PAS
Pen-Avia,,PDY
People's,PE,PEV
Performance Air,,PRZ
Perimeter Aviation,YP,PAG
Peru - Air Force,,FPR
Peru - Navy,,INP
Petroleum Air Service,UF,PER
Petropavlovsk-Kamchatsky Air,,PTK
PHI,,PHM
Philippine Airlines,PR,PAL
Philippines AirAsia,Z2,APG
Phoenix Aerospace,,PIX
Phoenix Air,PH,GRB
Phoenix East Aviation,,BPX
Phoenix East Aviation,,JED
Piedmont Airlines,PT,PDT
Pilatus Flugzeugwerke,,PCH
Pilot Flight Academy,,PIP
Pineapple Air,,PNP
Pink Sparrow,,SOW
Pivot Airlines,ZX,GGN
PixAir Survey,,PXR
Placar Linhas Aereas,,PLS
Planemaster Services,,PMS
PlaneSense,,CNS
Planet 9,,PVA
Platoon Aviation,,PTN
Play,OG,FPY
Plus Ultra,PU,PUE
Toki Air,BV,TOK
Pobeda,DP,PBD
Poland - Air Force,,PLF
Poland - Navy,,PNY
Polar Air Cargo,PO,PAC
Polar Airlines,PI,RKA
Polish Medical Air Rescue,,LPR
populAir,HP,APF
Porter,P3,PTR
Porter Airlines Canada,PD,POE
Portugal - Air Force,,AFP
Portugal - Army,,POA
Portugal - Navy,,PON
Portugalia Airlines,NI,PGA
Poste Air Cargo,M4,MSA
Pradhaan Air Express,6P,PRX
Pratt and Whitney,,PWC
Precision Air,PW,PRF
Precision Aircraft Management,,PRE
Premier Flight Center,,OZT
Premier Jets,,PJI
Premier Private Jets,,MVP
Presidential Aviation,,PRD
Prestige Air Group,,PGR
Priester Aviation,,PWA
Prime Aviation.,,PKZ
Prince Aviation,,PNC
Priority Air Charter,,PRY
Privaira,,PVO
Private Air,,FSY
Private Jet Center,,PJC
Private Jets,,OKC
Private Wings,JW,PWF
Privilege Style,P6,PVG
ProAir Aviation,,PAV
ProAirways,,MMN
Proflight Zambia,P0,PFZ
Propair,PP,PRO
PSA Airlines,OH,JIA
Purdue University School of Aviation,,PDU
QA Aviation,,QAV
Qanot Sharq,HH,QNT
Qantas,QF,QFA
QantasLink,,QLK
Qatar - Amiri Flight,,QAF
Qatar Airways,QR,QTR
Qatar Executive,QE,QQE
Qayatawa Air,,QYT
Qazaq Air,IQ,QAZ
Qeshm Airlines,QB,QSM
QinetiQ,,EIS
QinetiQ / Empire Test Pilots School,,ETP
Qingdao Airlines,QW,QDA
Qingdao Jiutian International Flight Academy,,QJT
Quality Fly,,QFY
Quanta Aviation Services,,PWR
Quest Diagnostics,,LBQ
Quick Air Jet Charter,,QAJ
Quikjet Cargo Airlines,QO,FQA
RAF-Avia,MT,MTL
RAM Express,,RXP
Rano Air,R4,RAN
Ravenair,,RVR
Raya Airways,TH,RMY
RCS Services,,EVC
REACH Air Medical Services,,REH
Real Tonga Airline,,RLT
Really Cool Airlines,,LUV
Rectimo Air Transports,,RTO
Rectrix Aviation,,RIX
RED Air,L5,REA
Red Rock Flight School,,ROK
Red Sea Airlines,4S,RSX
Red Wing Aviation,,LAK
Red Wings,WZ,RWZ
Redding Aero Enterprises,,BXR
Redstar Aviation,,RHH
Reeve Air Alaska,,RVV
REGA Swiss Air-Ambulance,,SAZ
REGA Swiss Air-Rescue,,RGA
Regency Air,,RGY
Regional Air Services,8N,REG
Relative Aviation,,RLV
Reliable Airlines,,HPN
Reliant Air,,RLI
Renegade Air,,RNG
Rennia Aviation,,RNI
Republic Airways,YX,RPA
Revv Aviation,,FRV
rex. Regional Express,ZL,RXA
Reynolds Jet Management,,RJE
RGA-Black Stone Airlines,,RGM
Rhoades Aviation,T4,RDS
Richland Aviation,,RCA
Richmor Aviation,,RJC
Rimbun Air,RI,OEY
RiseAir,4T,WEW
Riyadh Air,,RXI
Romania - Air Force,,ROF
ROMCargo Airlines,NJ,RCR
Roraima Airways,,ROR
Rose Air,,REM
Rossiya,FV,SDM
Rotana Jet,RG,RJD
Royal Air Freight,,RAX
Royal Air Maroc,AT,RAM
Royal Brunei Airlines,BI,RBA
Royal Jordanian,RJ,RJA
Royal Wings,JO,RYW
Royalair Philippines,RW,RYL
RS Avia,,URA
Rubystar,,RSB
Ruili Airlines,DR,RLH
RusJet,,RSJ
Rusline,7R,RLU
Russia - 223rd Flight Unit State Airline,,CHD
Russia - 224th Flight Unit State Airline,,TTF
Russia - Air Force,,RFF
Russia - Ministry of Emergency Situations (MChS),,SUM
Russia - National Guard,,RIF
Russia - Special Flight Squadron,,RSD
Rutaca Airlines,5R,RUC
RVL Aviation,,REV
RwandAir,WB,RWD
RWL German Flight Academy,,RWL
Ryan Air (USA),7S,RYA
Ryanair,FR,RYR
Ryanair UK,RK,RUK
S7 Airlines,S7,SBI
SA Red Cross Air Mercy Service,,AMD
SAAB Aircraft,,SCT
SAAB Nyge Aero,,TGT
SAF Helicopteres,,SHP
Safari Express Cargo,ZF,SXY
Safarilink Aviation,F2,XLK
Saha Airlines,,IRZ
Sahel Aviation Service,,SAO
Saint Louis University Flight School,,BKN
SalamAir,OV,OMS
Salzburg Jet Aviation,,MOZ
Sama Airline,,SDP
Samaritan's Purse,,NSP
Samoa Airways,OL,PAO
San Carlos Flight School,,BYF
San Marino Executive Aviation,,SMF
Sansa,RZ,LRS
Sapsan Airline,S2,KGB
Sardinian Sky Service,,SSR
SAS,SK,SAS
SAS Connect,SL,SZS
SAS Link,,SVS
SATA Air Acores,SP,SAT
SATENA,9R,NSE
Saudi Arabia - Air Force,,RSF
Saudi Arabia - Royal Flight,,SRA
Saudia,SV,SVA
Saurya Airlines,,SAU
Sawyer Aviation,,SJA
SaxonAir,,SXN
SC Aviation,,COL
Scanwings,,ABF
SCAT,DV,VSV
Schmiedel Air Service,,SAB
Scoot,TR,TGW
Seaborne,BB,SBS
SEair International,XO,SGD
Searca,,SRC
Secure Air Charter,,JCM
Security Aviation,,SVX
SelectJet,,JSL
Sepehran Airlines,IS,SHI
Serbia - Air Force,,SRB
Serene Air,ER,SEP
Servicio Autonomo de la Fuerza Aerea Venezolana (SAFAV),,BEM
Servicios Optimos de Aeroenlace,,ENL
Servizi Aerei,,SNM
Sevenair,,RVP
SevenBar Aviation,,SBF
Severstal Aircompany,D2,SSF
SF Airlines,O3,CSS
Shandong Airlines,SC,CDG
Shandong Dagao International Flight Academy,,RXF
Shanghai Airlines,FM,CSH
Shell Aviation,,PEX
Shenzhen Airlines,ZH,CSZ
Shirak Avia,5G,SHS
Shoreline Aviation,,CST
Shree Airlines,N9,SHA
Siam General Aviation,5E,SGN
Sichuan Airlines,3U,CSC
Sideral Linhas Aereas,,SID
Sierra Charlie Aviation,,SCA
Sierra Pacific Airlines,SI,SPA
Sierra West Airlines,,PKW
Silesia Air,,SUA
Silk Way Airlines,ZP,AZQ
Silk Way West Airlines,7L,AZG
Silkavia,US,USA
Silver Air,,SIS
Silver Air,,SLD
Silver Airways,3M,SIL
Silver Cloud Air,,SCR
Silverhawk Aviation,,SLH
Singapore - Air Force,,SAF
Singapore Airlines,SQ,SIA
Singapore Airlines Cargo,,SQC
Sino Jet,,SJM
Sino Jet Beijing,,JBE
Sirio,,SIO
Sirius Aero,SA,CIG
Sirius Airlines,,SIU
SKS Airways,KI,SJB
SKY Airline,H2,SKU
Sky Airline Peru,H8,SKX
Sky Angkor Airlines,ZA,SWM
Sky Bus,,HVY
Sky Cana,RD,SNA
SKY express,GQ,SEH
Sky Fru,,KGZ
Sky Helicopteros,,HSY
Sky Jet M.G.,DU,LIZ
Sky KG Airlines,,KGK
Sky Lease Cargo,GG,KYE
Sky Mali,ML,FML
Sky Prime Aviation,,SPD
Sky Quest,,ERY
Sky Shuttle Helicopters,A7,HHK
Sky Vision Airlines,SE,SVI
SkyAlps,BQ,SWU
Skyborne Airline Academy,,SFY
Skybus,,IOS
SkyCare,,PHX
Skyemotion,,EMO
Skyfirst,,KFE
SKYhigh Dominicana,DO,SHH
SkyJet Airlines,M8,MSJ
SkyLine Express,QU,UTN
SkyLink Express,,SLQ
Skymark Airlines,BC,SKY
SkyMark Executive,,SMB
Skypower Express Airways,NV,EAN
Skyservice Business Aviation,,SYB
Skyside,,SKV
SkyTaxi,TE,IGA
Skytrack Systems,,TTQ
Skytraders,,SND
Skytrans,QN,SKP
SkyUp Airlines,PQ,SQP
SkyUp MT,U5,SEU
Skyvalue Airways,4A,DYN
Skyward Express,OW,SEW
Skyway Enterprises,,SKZ
SkyWest Airlines,OO,SKW
SkyWest Charter,CW,SCW
Slam Lavori Aerei,,SLJ
Sling Pilot Academy,,WXX
Sloane Helicopters,,SLN
Slovakia - Air Force,,SQF
Slovakia - Government,,SSG
Slovenia - Air Force,,LSV
Slovenia - Government,,GSI
Small Fly,,GDM
Smart Aviation,,SME
Smart Jet,,SAH
Smart Jet International,,SJI
Smartavia,5N,AUL
Smartline,,SMG
SmartLynx,6Y,ART
SmartLynx Estonia,,MYX
SmartLynx Malta,2N,LYX
Smartwings,QS,TVS
Smartwings Hungary,7O,TVL
Smartwings Poland,3Z,TVP
Smartwings Slovakia,6D,TVQ
Solairus Aviation,,TWY
Solaseed Air,6J,SNJ
Solenta Aviation,,SET
Solenta Aviation Cote D'Ivoire,,SIV
Solenta Aviation Gabon,,SVG
Solinair,ZS,SOP
Solomon Airlines,IE,SOL
Soma Jets,,OZK
Somon Air,SZ,SMR
Soulbird,,OUL
Sounds Air,,SDA
South Aero,,SYX
South Africa - Air Force,,LMG
South African Airways,SA,SAA
Southern Air Charter,PL,SOA
Southern Airways Express,9X,FDY
Southern Cross International,,SXI
Southern Illinois University School of Aviation,,CBN
Southwest Aircraft Charter,,CAK
Southwest Airlines,WN,SWA
Southwind Airlines,2S,STW
SpaceBee Airlines,Y3,UZU
Spain - Air Force,,AME
Spain - Army,,ETF
Spain - Coast Guard,,SSM
Spain - Guardia Civil,,DGC
Spain - National Police,,DGP
Sparfell Luftfahrt,,LDX
Sparfell Malta,,QFX
Spartan College of Aeronautics and Technology,,SCU
Specialist Aviation Services,,PLC
SpiceJet,SG,SEJ
Spirit Airlines,NK,NKS
SpiritJets,,SJJ
Spot Jet Services,,BYB
Spree Flug,,SFG
Spring Airlines,9C,CQH
Spring City Aviation,,SCJ
Spring Japan,IJ,SJO
SprintAir,P8,SRN
SprintAir Cargo,,SAR
SR Jet,,QSR
SriLankan Airlines,UL,ALK
Sriwijaya Air,SJ,SJY
St Barth Commuter,PV,SBU
St Barth Executive,LE,STB
STAjets,,KFB
Star Air,S5,SDG
Star Air Cargo,,BRH
Star East Airlines,4R,SEK
Star Fly Wings,,SYW
Star Peru,2I,SRU
Star Wings,,STQ
Star Work Sky,,SWP
Starflyer,7G,SFJ
Stark Airways,,XSK
Starlink Aviation,Q4,TLK
Starlite Aviation,,TRL
Starlux,JX,SJX
Stellaer 212,,EIX
Sterling Airways,VC,SRY
Sterling Aviation,,NSH
STP Airways,8F,STP
Su Airlines,,SUE
Suburban Air Freight,,SUB
Sudan Airways,SD,SUD
Summit Air,,SUT
Summit Aviation,,YEL
Sun Air,,SAV
Sun Air,SO,SNR
Sun Air Bulgaria,AB,BGS
Sun Country Airlines,SY,SCX
Sun-Air,EZ,SUS
Sunclass Airlines,DK,VKG
Suncor Energy,,JSN
Sundair,SR,SDR
Sundt Air,,AKK
Sundt Air,,MDT
SunExpress,XQ,SXS
Sunkar Air,,BBK
Sunlight Air,2R,RLB
Sunrise Airways,S6,KSZ
Sunstate Airlines,,SSQ
Sunwest Aviation,,CNK
Sunwing Airlines,WG,SWG
Suparna Airlines,Y8,YZR
Super Air Jet,IU,SJV
Superior Air Charter,,RSP
Supernova Airlines,P7,NPG
Surf Air,,URF
Surinam Airways,PY,SLM
Surveillance Australia,,BDF
Susi Air,,SQS
Suzhou Aviation,,CBW
Svensk Luftambulans,,SWV
Svenskt Ambulansflyg,,SWE
Svenskt Industriflyg,,JET
SVG Air,,SVD
Sweden - Armed Forces,,SVF
Sweden - Coast Guard,,KBV
Sweden - Police,,POL
Sweden - Swedish Maritime Administration,,HMF
Swift Copters,,WFC
Swiftair,WT,SWT
Swiftair Hellas,,MDF
Swiss,LX,SWR
Swiss Flight Services,,SFS
Swiss Helicopter,,HSI
Swiss Private Jet,,SWW
Switzerland - Air Force,,SUI
SXM Airways,,SXM
Sylt Air,7E,AWU
Syncrude Canada,,SYN
Syphax Airlines,Y3,SYA
Syrian Air,RB,SYR
T'way Air,TW,TWB
TAAG Angola Airlines,DT,DTA
TAB Cargo,2L,BOL
Taban Airlines,,TBN
TAG Aviation,,VIP
TAG Aviation Asia,,TBJ
TAG Aviation Cayman,,TCJ
TAG Aviation Malta,,TEU
TAG Aviation San Marino,,TAG
TagAirlines,5U,TGU
Taiga Air,,TGA
Tailwind Airlines,TI,TWI
Tajik Air,7J,TJK
Talon Air,,TFF
Tanana Air Service,Z3,TNR
TAP Air Portugal,TP,TAP
Taquan Air,K3,TQN
TAR Aerolineas,YQ,LCT
Tarco Aviation,3T,TQQ
Tarom,RO,ROT
Tashkent Air,,TSK
Tasman Cargo Airlines,HJ,TMN
Tassili Airlines,SF,DTH
Tatra JET,,TTJ
Tbilisi Airways,TD,TBC
TCA,N6,TZS
Team Global Express,,TFX
Terra Avia,T8,TVR
Texel Air,,XLR
Texel Air Australasia,TT,TNZ
Tez Jet Airlines,K9,TEZ
Thai AirAsia,FD,AIQ
Thai AirAsia X,XJ,TAX
Thai Airways,TG,THA
Thai Lion Air,SL,TLM
Thai VietJet Air,VZ,TVJ
Thalair,,TLJ
Thales UK Flight Inspection Service,,CLB
The Little Jet Company,,LJC
The Mitre Corporation,,MIP
Thrive,,TIV
Thrust Flight,,TRF
Thunder Airlines,,THU
Tianjin Air Cargo,HT,CTJ
Tianjin Airlines,GS,GCR
Tibet Airlines,TV,TBA
Tigerair Taiwan,IT,TTW
Time Air,,TIE
Tinadar Jets,,NAD
Titan Airways,ZT,AWC
Titan Airways Malta,TM,TMT
TopFlight Aero-Services,,TAF
Total Express,,TOT
Total Linhas Aereas,0T,TTL
Toyo Aviation,,TOY
Trade Air,C3,TDR
Tradewind Aviation,TJ,GPD
Trans Air Congo,Q8,TSG
Trans Am Aero Express del Ecuador,7T,RTM
Trans Guyana Airways,,TGY
Trans Island Airways,,GGT
Trans Maldivian Airways,,TMW
Transair,R2,GTS
Transair,R9,MUI
Transavia,HV,TRA
Transavia France,TO,TVF
Transaviabaltika,,KTB
Transaviaexport Airlines,,TXC
Transcarga International Airways,,TIW
TransNusa,8B,TNU
Travel Management Company,,TMC
Travira Air,,TVV
Trebet Aviation,,AOO
Tri-State Aero,,TSS
Trident Aircraft,,WMN
Trigana Air,IL,TGN
Tropic Air,9N,TOS
Tropic Ocean Airways,TI,FTO
TUI Airlines Belgium,TB,JAF
TUI Airlines Netherlands,OR,TFL
TUI Airways,BY,TOM
TUI fly,X3,TUI
TUI fly Nordic,6B,BLX
Tulpar,,RFE
TUM AeroCarga,T2,MCS
Tunisair,TU,TAR
Tunisair Express,UG,TUX
Tunisia - Air Force,,TUN
Turkey - Air Force,,HVK
Turkey - Government,,TRK
Turkish Airlines,TK,THY
Turkmenistan - Government,,TUG
Turkmenistan Airlines,T5,TUA
Turpial Airlines,T9,VTU
Tus Air,U8,CYF
Twin Jet,T7,TJT
Tyrol Air Ambulance,,TYW
Tyrolean Jet Services,,TJS
Tyrolean Jets & Services Malta,,TYJ
UG Jet,,UGJ
Uganda Airlines,UR,UGD
Ukraine - State Air Traffic Service,,UTS
Ukraine Air Alliance,,UKL
Ukraine International Airlines,PS,AUI
Ukrainian Wings,,UWJ
ULS Airlines Cargo,GO,KZU
Ultimate Jet,UE,UJC
UmzaXpress,,UMZ
UNC Air Operations,,RHE
UND Aerospace,,NDU
UNI Air,B7,UIA
Uni-Fly,,UNC
Uni-Fly Heliworx,,UFX
Uni-Top Airlines,UW,UTP
Unicair,,UNI
Union Aviation,,UAG
Unique Air,,UQA
United Airlines,UA,UAL
United Arab Emirates - Air Force,,UAF
United Aviate Academy,,VAR
United Eagle,,UEE
United Kingdom - Air Ambulance,,HLE
United Kingdom - Army Air Corps,,AAC
United Kingdom - Coast Guard,,SRD
United Kingdom - Maritime and Coastguard Agency,,SRG
United Kingdom - National Police Air Service,,UKP
United Kingdom - RAF Support Helicopter Force,,SHF
United Kingdom - RAF Warton Military Flight Ops,,WTN
United Kingdom - Royal Air Force,,RFR
United Kingdom - Royal Air Force Air Transport,,RRR
United Kingdom - Royal Navy,,NVY
United Kingdom - UK Royal/VIP Flights,,KRF
United Nations,,UNO
United Nigeria Airlines,UN,NUA
United States - Air Force,,RCH
United States - California Department of Forestry,,CFR
United States - FAA,,NHK
United States - Florida Forest Service,,FFS
United States - NASA,,IGY
United States - NOA,,NOA
United States - North Carolina Forest Service,,FTK
United States - Tennessee Valley Authority,,VLY
United States - US Department of Interior,,DOI
United States - US Department of Justice,,DOJ
United States - US Department of State,,DOS
United States - US Forest Service,,XCN
United States - US Immigration and Customs Enforcement,,RPN
United States - US Marshals Service,,MSH
Universal Air,VO,UVL
University of Central Missouri Aviation,,UCM
University of Oklahoma School of Aviation,,OUA
Uniworld Air Cargo,U7,UCG
UPS,5X,UPS
Ural Airlines,U6,SVR
Urumqi Air,UQ,CUH
US-Bangla Airlines,BS,UBG
USA Jet Airlines,UJ,JUS
USC,XG,USY
Utair,UT,UTA
UVT Aero,RT,UVT
Uzbekistan Airways,HY,UZB
Valair,,VVV
Valletta Airlines,,HOT
VallJet,,VLJ
ValueJet,VK,FVJ
Van Air Europe,V9,VAA
Varesh Airlines,,VRH
Vasco,0V,VFC
VCAP Aviation,,CXF
Venezolana,WW,VNE
Ventura,,VNT
Venture Aviation Group,,VET
Venture West Aviation,,VWA
VeriJet,,WSP
Via Air,,VID
Victory Air,,FTN
Vieques Air Link,V4,VES
VietJet Air,VJ,VJC
Vietnam Airlines,VN,HVN
Vietravel Airlines,VU,VAG
Virgin Atlantic,VS,VIR
Virgin Atlantic International,,VGI
Virgin Australia,VA,VOZ
Virgin Australia Regional,,OZW
Vista America,,VJA
VistaJet,,VJT
VistaJet,H5,VJH
Vistara,UK,VTI
VivaAerobus,VB,VIV
VoePass,2Z,PTB
Volare Aviation,,VLZ
Volaris,Y4,VOI
Volaris Costa Rica,Q6,VOC
Volaris El Salvador,N3,VOS
Volato,,TMB
Volga-Dnepr Airlines,VI,VDA
Volotea,V7,VOE
Voluxis,,VXS
Voyage Air,,VRG
Voyageur Airways,VC,VAL
Vueling,VY,VLG
VW Air Service,,BTX
Wamos Air,EB,PLM
Warbelows Air Ventures,4W,WAV
Wasaya Airways,WP,WSG
WEJET,,WEJ
Wermlandsflyg,,SWX
Wermlandsflyg,,BLW
West Air,PN,CHB
West Air,,PCM
West Air Sweden,T2,SWN
West Atlantic,,NPT
West Coast Charters,,WCC
West Link Airlines,,WLN
Westair Aviation,,WAA
Westair Helicopter Saudi,,WSH
Western Air,WU,WST
Western Air Express,,WAE
Western Aircraft,ST,STT
Western Global Airlines,KD,WGN
Western Michigan University College of Aviation,,WMU
WestJet,WS,WJA
WestJet Encore,WR,WEN
Wheels Up,,WUP
White,WI,WHT
Wideroe,WF,WIF
Wiggins Airways,,WIG
Wiking Helikopter Service,,WHS
Winair,WM,WIA
Windrose Air Jetcharter,,QGA
Windrose Airlines,7W,WRC
Wing Aviation,,CWG
Wingo,P5,RPB
Wingo Panama,WH,WWP
Wings Air,IW,WON
Wings West Airlines,RM,WWM
Wizz Air,W6,WZZ
Wizz Air Abu Dhabi,5W,WAZ
Wizz Air Malta,W4,WMT
Wizz Air UK,W9,WUK
Woodgate Aviation,,CWY
World Atlantic Airlines,WL,WAL
World Cargo Airlines,3G,WCM
World2Fly,2W,WFL
World2Fly Portugal,3P,WPT
Worldwide Jet Charter,,WWI
Wright Air Service,8V,WRF
XCEL JET,,XLJ
XE Jet,4U,XEJ
Xead Aviation,,XED
Xiamen Air,MF,CXA
Xinjiang Skylink General Aviation,,KGA
XO,,XOJ
Yakutia Airlines,R3,SYL
Yamal Airlines,YC,LLM
YanAir,YE,ANR
Yazd Airways,,DZD
Yellow Wings Air Services,,ELW
Yemenia,IY,IYE
Yeti Airlines,YT,NYT
YTO Cargo Airlines,YG,HYT
Yute Commuter Services,,TUD
Z Air,7Z,EZR
Zafer Air,,HMZ
Zagros Airlines,ZO,IZG
Zambia Airways,ZN,AZB
Zanair,,TAN
Zenflight,,XEN
Zenith Aviation,,BZE
Zetavia,ZK,ZAV
Zeusch Aviation,,SUZ
Zhou Ji Airlines,,JCN
Zil Air,,SYZ
Zimex Aviation,XM,IMX
Zimex Aviation Austria,ZX,AZD
Zipair,ZG,TZP
ZondaJet.com,,HEY
Zooom,ZO,ZOM
Zorex,,ORZ
ZYB Lily Jet,,MZT
